at,x,y,z [a.u.]
Li,1.5070564762275,0.0,0.0
H,-1.5070564762275,0.0,0.0
